{
  "conv1.weight": 0.007874015748031496,
  "conv1.bias": 0.007874015748031496,
  "conv2.weight": 0.007874015748031496,
  "conv2.bias": 0.007874015748031496,
  "fc1.weight": 0.007874015748031496,
  "fc1.bias": 0.007874015748031496,
  "fc2.weight": 0.007874015748031496,
  "fc2.bias": 0.007874015748031496
}